{
  "mae": 2.2748913456975846,
  "rmse": 2.8841992777932988,
  "mape": 7.876508638132475,
  "r2": 0.9888969082497862
}