{
  "mae": 0.11430465709410298,
  "rmse": 0.14596921189362683,
  "mape": 10.457385913107,
  "r2": 0.9893963453490439
}