{
  "mae": 1.089873777924683,
  "rmse": 1.4025515329927758,
  "mape": 8.26355066742642,
  "r2": 0.9898241709050103
}