{
  "mae": 0.11294991418665938,
  "rmse": 0.143946105641171,
  "mape": 10.21500702481872,
  "r2": 0.9896775898491503
}