{
  "mae": 3.176778829222417,
  "rmse": 4.0951090406283015,
  "mape": 6.883574408677205,
  "r2": 0.9899083361410589
}