{
  "mae": 3.1821230979290673,
  "rmse": 4.061596451060095,
  "mape": 6.945877847204822,
  "r2": 0.99005680806636
}