{
  "mae": 1.131563234994197,
  "rmse": 1.4464982497960566,
  "mape": 8.559734785948468,
  "r2": 0.9894627141560106
}