{
  "mae": 4.319173520687694,
  "rmse": 5.477129840432596,
  "mape": 7.526416820609835,
  "r2": 0.9896815977642062
}