{
  "mae": 6.35427984704615,
  "rmse": 8.166206229271404,
  "mape": 6.564905021716106,
  "r2": 0.989670570606055
}