{
  "mae": 6.496786825743181,
  "rmse": 8.304139109401806,
  "mape": 6.748980988523794,
  "r2": 0.9893227738470699
}