{
  "mae": 4.374275860316012,
  "rmse": 5.637812035188554,
  "mape": 7.303988832313142,
  "r2": 0.9893230591679195
}