{
  "mae": 2.1769486429136635,
  "rmse": 2.7994131892447154,
  "mape": 7.557098125991867,
  "r2": 0.9895528351137474
}